0,76,-1240,17168,2 
1,36,-892,16884,2 
2,-104,-880,16852,2 
3,-72,-904,16708,2 
4,-76,-788,17080,2 
5,-288,-896,17068,2 
6,0,-824,17292,2 
7,140,-1004,17440,2 
8,-216,-808,17436,2 
9,-80,-988,17408,2 
10,116,-888,17480,2 
11,-96,-1008,17320,2 
12,-228,-968,17160,2 
13,-152,-1276,17024,2 
14,-124,-1132,16904,2 
15,-60,-1212,17224,2 
16,-160,-1468,17792,2 
17,124,-1688,17728,2 
18,68,-1756,17736,2 
19,144,-1768,17776,2 
20,172,-1668,17460,2 
21,140,-1588,17568,2 
22,-228,-1500,17276,2 
23,-192,-1608,16772,2 
24,-24,-1488,16776,2 
25,-104,-1388,17116,2 
26,-228,-1304,17332,2 
27,-244,-1184,17512,2 
28,80,-1032,17904,2 
29,48,-1092,17912,2 
30,-116,-904,17268,2 
31,-216,-1012,17100,2 
32,-408,-960,16800,2 
33,-92,-1108,16672,2 
34,-284,-1220,16552,2 
35,-328,-1196,16584,2 
36,-316,-1044,16452,2 
37,-168,-1076,16788,2 
38,-76,-1036,16836,2 
39,-160,-1188,17008,2 
40,-40,-872,17180,2 
41,-112,-980,17084,2 
42,-136,-716,17156,2 
43,-40,-828,17144,2 
44,-152,-948,17192,2 
45,-140,-1196,17356,2 
46,-468,-1456,17844,2 
47,184,-1592,17452,2 
48,420,-1916,17080,2 
49,4,-1904,17036,2 
50,-72,-1636,17516,2 
51,80,-1344,17872,2 
52,-172,-808,17816,2 
53,216,-1004,17636,2 
54,-184,-592,17604,2 
55,244,-500,17428,2 
56,60,-520,17584,2 
57,212,-796,17500,2 
58,-72,-584,17316,2 
59,-44,-1180,17072,2 
60,-168,-1432,16880,2 
61,-156,-1432,16752,2 
62,-68,-1440,16516,2 
63,-184,-1392,16748,2 
64,-200,-1104,16856,2 
65,-164,-1208,16908,2 
66,-232,-924,16996,2 
67,-224,-608,16852,2 
68,-208,-904,17092,2 
69,-28,-924,17044,2 
70,-56,-536,17300,2 
71,-128,-936,17372,2 
72,-56,-1304,17208,2 
73,-204,-1736,16956,2 
74,32,-2016,16848,2 
75,-104,-2124,16804,2 
76,-200,-2032,17208,2 
77,-88,-1628,17476,2 
78,-240,-1220,17700,2 
79,48,-968,17840,2 
80,-36,-556,17316,2 
81,-4,-624,17408,2 
82,148,-816,17472,2 
83,240,-988,17632,2 
84,-128,-812,17656,2 
85,72,-1116,17460,2 
86,-252,-1124,16916,2 
87,-172,-1536,16780,2 
88,-176,-1496,16736,2 
89,216,-1480,16600,2 
90,-88,-1464,16884,2 
91,-152,-1252,16996,2 
92,-4,-1012,17544,2 
93,24,-1060,17368,2 
94,60,-1248,17356,2 
95,-8,-1324,17232,2 
96,244,-1456,17304,2 
97,124,-1696,17196,2 
98,-24,-1812,16940,2 
99,-228,-1780,17120,2 
100,-48,-1600,17168,2 
101,184,-1368,17632,2 
102,-108,-1176,17500,2 
103,100,-920,17640,2 
104,-188,-800,17712,2 
105,92,-844,18120,2 
106,172,-880,17820,2 
107,-216,-900,17592,2 
108,-64,-1032,17196,2 
109,-104,-1248,16668,2 
110,-68,-1516,16888,2 
111,104,-1560,16860,2 
112,-80,-1856,16864,2 
113,-176,-1760,16660,2 
114,-156,-1760,17180,2 
115,-120,-1288,17292,2 
116,-16,-1060,17404,2 
117,-168,-836,17228,2 
118,-72,-884,17120,2 
119,-72,-1000,16856,2 
120,-160,-1132,16904,2 
121,-284,-1316,17080,2 
122,-88,-1180,16828,2 
123,-124,-1320,16688,2 
124,-120,-1348,16644,2 
125,-56,-1200,16980,2 
126,-28,-1276,17044,2 
127,-212,-1192,17064,2 
128,-232,-1236,17296,2 
129,-44,-1056,17260,2 
130,-24,-1032,17248,2 
131,-32,-920,17260,2 
132,28,-836,16896,2 
133,-240,-1024,17112,2 
134,-228,-1080,17192,2 
135,112,-1156,17312,2 
136,-8,-1112,17424,2 
137,-36,-812,17512,2 
138,52,-780,17196,2 
139,48,-768,16964,2 
140,148,-840,17124,2 
141,132,-840,17320,2 
142,16,-940,17480,2 
143,100,-872,17528,2 
144,144,-944,17876,2 
145,208,-868,17524,2 
146,-56,-984,17296,2 
147,-72,-1080,17192,2 
148,248,-1132,17064,2 
149,-36,-1204,17104,2 
150,-124,-1172,17112,2 
151,-136,-1228,17060,2 
152,-228,-1212,16988,2 
153,-240,-976,16980,2 
154,-72,-992,17044,2 
155,-560,-804,17904,2 
156,-220,-1004,17244,2 
157,-168,-588,16944,2 
158,100,-768,17284,2 
159,-20,-548,17284,2 
160,-232,-1124,17336,2 
161,-208,-1296,17400,2 
162,-468,-1252,17280,2 
163,-32,-1264,17180,2 
164,-16,-736,16928,2 
165,328,-252,16956,2 
166,-284,172,17584,2 
167,-220,68,17980,2 
168,-1412,-36,18384,2 
169,-388,-760,17428,2 
170,-12,-156,17420,2 
171,244,-208,17520,2 
172,-32,-532,16764,2 
173,-32,-720,17376,2 
174,-504,-636,17204,2 
175,112,-264,17408,2 
176,-132,-856,17724,2 
177,-276,-1512,18120,2 
178,0,-920,17440,2 
179,-4,-484,16388,2 
180,-52,-104,16600,2 
181,164,-676,16580,2 
182,-96,-752,16100,2 
183,-120,-1620,18232,2 
184,452,-940,16608,2 
185,-608,-1332,15708,2 
186,208,-1228,15920,2 
187,-152,-1236,17004,2 
188,-124,-992,17632,2 
189,-104,-484,18384,2 
190,-36,-96,18304,2 
191,4,192,18336,2 
192,-104,428,18048,2 
193,-64,424,18008,2 
194,-24,276,17604,2 
195,-244,28,17360,2 
196,-180,-384,17404,2 
197,-212,-560,17288,2 
198,-140,-656,17148,2 
199,-136,-780,17208,2 
200,-84,-620,17696,2 
201,-256,-400,18052,2 
202,12,-228,18000,2 
203,-200,-52,17812,2 
204,-168,-248,17656,2 
205,-280,-28,17484,2 
206,-12,-76,17360,2 
207,-388,-208,16660,2 
208,-312,-324,16344,2 
209,-292,-752,16600,2 
210,-232,-988,16408,2 
211,-152,-1456,16316,2 
212,-424,-1264,15964,2 
213,-76,-952,15940,2 
214,-568,-584,16140,2 
215,-728,-832,16996,2 
216,-468,-1196,16980,2 
217,-356,-584,17004,2 
218,-264,-216,17096,2 
219,-216,-168,16968,2 
220,-264,216,17344,2 
221,-516,92,17036,2 
222,-636,-744,17108,2 
223,-440,360,17996,2 
224,144,1336,17556,2 
225,-160,1292,17256,2 
226,-472,464,17416,2 
227,-32,116,18192,2 
228,-64,416,18440,2 
229,92,800,18728,2 
230,268,988,18956,2 
231,-116,920,19068,2 
232,-48,236,18596,2 
233,104,360,18232,2 
234,-68,1312,17880,2 
235,-356,3128,16176,2 
236,-40,2972,16188,2 
237,-608,2844,15972,2 
238,-1000,2544,15908,2 
239,-956,2364,15244,2 
240,-836,2260,15116,2 
241,-968,1404,15800,2 
242,-376,716,15880,2 
243,-672,644,15700,2 
244,-432,864,15820,2 
245,-404,1116,15468,2 
246,-200,1600,15584,2 
247,-252,1772,15652,2 
248,-4,1952,15504,2 
249,-340,2456,15864,2 
250,-496,3196,15980,2 
251,16,3868,16076,2 
252,224,4736,16244,2 
253,256,5144,16480,2 
254,748,5736,16716,2 
255,828,5908,17076,2 
256,848,5844,17792,2 
257,992,5420,18404,2 
258,964,5308,18528,2 
259,476,4984,18804,2 
260,320,4768,18728,2 
261,280,4612,18788,2 
262,324,4384,18720,2 
263,248,4168,18392,2 
264,52,4196,18216,2 
265,640,4592,18220,2 
266,388,4576,17992,2 
267,524,4568,17772,2 
268,564,4716,17864,2 
269,608,4944,17880,2 
270,544,4976,17400,2 
271,388,4940,16924,2 
272,208,4856,16580,2 
273,4,4828,16472,2 
274,212,4884,15812,2 
275,-156,5216,15540,2 
276,-84,5208,14880,2 
277,240,4920,14792,2 
278,36,4820,14780,2 
279,76,4488,15356,2 
280,-72,4388,15428,2 
281,-12,4648,15520,2 
282,-120,5004,16048,2 
283,-12,4696,16300,2 
284,-124,4744,16040,2 
285,-336,5672,15556,2 
286,-400,5516,15652,2 
287,120,5952,15276,2 
288,4,5760,15456,2 
289,8,4624,15996,2 
290,-172,3968,16020,2 
291,-100,3824,15932,2 
292,-232,4128,15920,2 
293,-84,4692,15904,2 
294,44,4908,15840,2 
295,12,4752,15852,2 
296,-132,4996,15632,2 
297,228,5556,15060,2 
298,-144,5816,15440,2 
299,60,6604,16332,2 
300,136,6944,16304,2 
301,100,7284,16128,2 
302,-84,6972,16608,2 
303,-68,6676,16592,2 
304,-96,7400,16460,2 
305,112,7648,16532,2 
306,28,7840,16228,2 
307,-20,7868,15624,2 
308,-256,7996,15136,2 
309,-100,7800,14792,2 
310,52,7552,14340,2 
311,96,7068,14600,2 
312,116,6604,14708,2 
313,244,5700,15140,2 
314,-8,5384,15332,2 
315,-128,5904,15452,2 
316,-176,6712,15340,2 
317,-60,7120,14608,2 
318,-128,7184,14152,2 
319,116,7204,13776,2 
320,60,7508,13292,2 
321,88,8004,13072,2 
322,-84,8420,13276,2 
323,-192,8588,13032,2 
324,-116,8628,13128,2 
325,-240,8692,13156,2 
326,-444,8764,13380,2 
327,-120,8336,13480,2 
328,-76,8164,13580,2 
329,120,8384,14048,2 
330,220,8936,14368,2 
331,396,9192,14520,2 
332,248,9200,14144,2 
333,148,8776,14208,2 
334,452,9256,14520,2 
335,380,9288,14624,2 
336,592,10144,14364,2 
337,564,11032,14156,2 
338,604,11600,13836,2 
339,640,12436,13652,2 
340,880,12268,13756,2 
341,1164,11592,13540,2 
342,1320,10764,13456,2 
343,1328,10496,12864,2 
344,1180,10356,12672,2 
345,892,10720,13048,2 
346,676,10892,13372,2 
347,832,10960,13736,2 
348,824,10928,13988,2 
349,752,10756,14380,2 
350,864,10504,14784,2 
351,908,11284,14724,2 
352,960,11888,14128,2 
353,1052,13004,13176,2 
354,1036,13364,12532,2 
355,964,13408,11844,2 
356,692,13628,11428,2 
357,944,13796,11432,2 
358,1036,13860,10872,2 
359,1012,13704,10588,2 
360,1028,12864,10396,2 
361,1228,12488,10124,2 
362,1248,12420,10220,2 
363,1176,12788,10100,2 
364,1224,13188,10224,2 
365,948,12916,10536,2 
366,900,12836,10324,2 
367,880,13144,10256,2 
368,1072,13544,9484,2 
369,1096,13384,9100,2 
370,1184,13272,8924,2 
371,996,12608,9280,2 
372,1196,12544,9872,2 
373,1140,12652,9896,2 
374,1352,12620,9820,2 
375,1328,12632,9844,2 
376,1312,12524,9692,2 
377,1368,12072,9412,2 
378,1060,12300,9704,2 
379,1136,12304,9264,2 
380,1084,12936,9348,2 
381,828,13376,8924,2 
382,832,13968,8180,2 
383,372,14608,7240,2 
384,640,14940,6808,2 
385,516,14956,6196,2 
386,1064,14996,6068,2 
387,844,15116,6012,2 
388,504,15364,6420,2 
389,664,15600,6784,2 
390,932,14836,6776,2 
391,1080,14604,6556,2 
392,1224,14764,7072,2 
393,796,15304,6304,2 
394,864,15488,6632,2 
395,1160,14512,6700,2 
396,1332,13920,6592,2 
397,1480,13788,6600,2 
398,1308,13616,6268,2 
399,1156,13948,6152,2 
400,1224,14472,5984,2 
401,2016,15660,5936,2 
402,916,15608,5672,2 
403,1104,15548,4956,2 
404,1760,15040,4704,2 
405,1700,14684,3860,2 
406,1808,14548,3528,2 
407,1984,14676,3028,2 
408,1408,14996,2660,2 
409,1248,15772,2472,2 
410,932,16176,2288,2 
411,1340,16236,2148,2 
412,1224,15896,2104,2 
413,1280,16048,2008,2 
414,1472,15876,2124,2 
415,1460,15696,2212,2 
416,1780,15900,1852,2 
417,1592,16592,1548,2 
418,1576,16924,1140,2 
419,1660,16992,784,2 
420,1808,16800,640,2 
421,1920,16496,440,2 
422,1968,16316,340,2 
423,2024,16264,632,2 
424,2156,16400,72,2 
425,2252,16464,52,2 
426,2108,16384,-128,2 
427,2236,16352,-676,2 
428,2016,16336,-1476,2 
429,1848,16184,-1684,2 
430,1944,15984,-2248,2 
431,1840,15936,-2832,2 
432,2080,15508,-2848,2 
433,2624,15704,-2916,2 
434,2056,15624,-3096,2 
435,2116,15976,-3208,2 
436,2264,16012,-3096,2 
437,2192,15976,-3112,2 
438,2356,15916,-3132,2 
439,2340,16268,-2864,2 
440,2020,16228,-3212,2 
441,1936,16724,-3088,2 
442,1584,16724,-3344,2 
443,1672,16148,-3244,2 
444,1788,16088,-3132,2 
445,2080,15708,-3320,2 
446,2500,16076,-3624,2 
447,1964,15960,-3980,2 
448,2212,15800,-4200,2 
449,2388,15224,-4308,2 
450,2748,15332,-3700,2 
451,2472,15492,-3856,2 
452,2184,15384,-3664,2 
453,2048,15248,-4216,2 
454,2048,15184,-4248,2 
455,2152,15668,-3964,2 
456,2392,16256,-3980,2 
457,2108,16312,-4464,2 
458,2036,15840,-4976,2 
459,2268,15564,-5440,2 
460,2304,15584,-6368,2 
461,2200,15288,-7008,2 
462,2112,14916,-7616,2 
463,2532,14340,-7260,2 
464,2288,14576,-7344,2 
465,1700,14292,-7260,2 
466,1720,14568,-7536,2 
467,1932,14056,-7776,2 
468,1884,14140,-8072,2 
469,2008,14576,-8332,2 
470,2064,14456,-8544,2 
471,1880,14532,-8968,2 
472,2112,14364,-9308,2 
473,2348,14220,-8828,2 
474,2012,13996,-8396,2 
475,1932,13588,-7976,2 
476,1876,13800,-7824,2 
477,1948,13644,-7432,2 
478,1820,13364,-7380,2 
479,1748,13396,-7596,2 
480,1704,13064,-7800,2 
481,1704,12616,-8124,2 
482,1576,12760,-8536,2 
483,2008,12572,-8796,2 
484,1668,12824,-8992,2 
485,1628,12852,-9408,2 
486,1684,12876,-9348,2 
487,1704,12560,-9144,2 
488,1324,12088,-9332,2 
489,2024,11924,-9648,2 
490,1544,11768,-10184,2 
491,1684,11012,-10284,2 
492,1556,10844,-10908,2 
493,1544,10808,-11264,2 
494,1968,11232,-11060,2 
495,2044,11668,-11040,2 
496,1792,12532,-11164,2 
497,1728,11856,-11344,2 
498,1904,11756,-11392,2 
499,1892,11852,-11532,2 
500,1956,11820,-11516,2 
501,2092,11300,-10908,2 
502,1928,11208,-11052,2 
503,1592,10780,-10772,2 
504,1688,10648,-11088,2 
505,1592,10976,-11232,2 
506,1480,11036,-11276,2 
507,1396,11040,-11396,2 
508,1532,10864,-11688,2 
509,1324,11244,-11688,2 
510,1576,10284,-11428,2 
511,1868,10140,-11208,2 
512,1852,10452,-11180,2 
513,1832,9760,-11224,2 
514,1612,9556,-11132,2 
515,1656,9384,-11532,2 
516,1692,9700,-11328,2 
517,1344,9336,-11564,2 
518,1616,9652,-12148,2 
519,1724,9744,-12300,2 
520,1840,9800,-12592,2 
521,1904,9868,-13112,2 
522,1968,9408,-13308,2 
523,1860,8948,-13664,2 
524,1860,8856,-13800,2 
525,1900,9108,-14028,2 
526,1804,9404,-14060,2 
527,2268,9412,-13880,2 
528,2008,9160,-14000,2 
529,2264,8624,-13956,2 
530,2164,8356,-14012,2 
531,2180,8684,-14352,2 
532,1848,8936,-14232,2 
533,1960,8776,-14064,2 
534,1984,9048,-14000,2 
535,1840,8640,-13700,2 
536,2012,8524,-13456,2 
537,2004,8536,-13152,2 
538,2100,8488,-12948,2 
539,2092,8264,-12896,2 
540,1892,7936,-13112,2 
541,1800,7508,-13516,2 
542,2148,7340,-13412,2 
543,2048,7172,-13572,2 
544,2116,7084,-13868,2 
545,1880,6760,-14820,2 
546,1820,6572,-15236,2 
547,1816,5944,-15936,2 
548,1936,5788,-16216,2 
549,2024,5676,-16012,2 
550,1772,5420,-15936,2 
551,1604,6200,-15544,2 
552,1768,6416,-15316,2 
553,1940,6248,-14872,2 
554,2164,6000,-14648,2 
555,2060,6060,-14368,2 
556,1752,5904,-14436,2 
557,2140,6172,-14508,2 
558,1936,5476,-14668,2 
559,1876,5356,-14676,2 
560,1732,5284,-14640,2 
561,1812,5276,-14660,2 
562,2004,5128,-14472,2 
563,2068,4876,-14388,2 
564,2048,5088,-14464,2 
565,1900,4920,-14552,2 
566,1992,5088,-14592,2 
567,2080,5332,-14760,2 
568,2080,5348,-14924,2 
569,2300,5376,-15196,2 
570,2192,5176,-15904,2 
571,2244,4532,-16292,2 
572,2280,4156,-16640,2 
573,2212,3932,-16672,2 
574,2176,3740,-16808,2 
575,2000,3792,-16908,2 
576,1856,3728,-16748,2 
577,1872,3824,-16696,2 
578,1868,4104,-16488,2 
579,1988,4204,-16324,2 
580,1804,4052,-16324,2 
581,1896,3956,-16276,2 
582,2072,4044,-16176,2 
583,2004,4060,-16016,2 
584,2036,4116,-15968,2 
585,2172,4228,-15968,2 
586,2192,4348,-15984,2 
587,2080,4484,-15868,2 
588,2200,4584,-15748,2 
589,2520,4268,-15696,2 
590,2484,4252,-15804,2 
591,2244,4044,-15544,2 
592,2268,3976,-15400,2 
593,2200,4040,-15700,2 
594,2000,4176,-15588,2 
595,1728,4156,-15732,2 
596,2028,3836,-15588,2 
597,1968,3340,-15232,2 
598,1864,2808,-14980,2 
599,1872,2700,-14992,2 
600,1908,2144,-14356,2 
601,2056,2016,-14416,2 
602,2156,2148,-14748,2 
603,1844,2292,-14844,2 
604,1932,2336,-15252,2 
605,2128,2424,-15200,2 
606,2072,2436,-15512,2 
607,2092,2488,-15388,2 
608,2192,2496,-15664,2 
609,2172,2136,-15812,2 
610,1952,2092,-15860,2 
611,2132,2064,-15824,2 
612,2184,1980,-15648,2 
613,2216,1924,-15324,2 
614,2208,1540,-15416,2 
615,2228,1428,-15420,2 
616,2176,1368,-15368,2 
617,2116,1244,-15816,2 
618,2124,1504,-16016,2 
619,2192,1544,-16208,2 
620,1964,1648,-16248,2 
621,1832,1872,-16252,2 
622,1864,1992,-16344,2 
623,1876,1804,-16212,2 
624,1880,2144,-16368,2 
625,1932,2328,-16196,2 
626,1932,2420,-16156,2 
627,1960,2328,-16076,2 
628,2008,2148,-15916,2 
629,2188,1884,-15920,2 
630,2140,1712,-15692,2 
631,2484,1636,-15864,2 
632,2200,1648,-15756,2 
633,2228,1688,-15692,2 
634,2212,1568,-15944,2 
635,2384,1700,-16140,2 
636,2488,1708,-16356,2 
637,2316,1596,-16616,2 
638,2252,1332,-17000,2 
639,2252,1296,-17392,2 
640,2016,1244,-17236,2 
641,2108,1156,-17000,2 
642,2016,1004,-16984,2 
643,2304,832,-16928,2 
644,2280,676,-16812,2 
645,2212,612,-16592,2 
646,2176,408,-16480,2 
647,1932,268,-16312,2 
648,1964,12,-16120,2 
649,2092,252,-16076,2 
650,2060,56,-15788,2 
651,2212,4,-15380,2 
652,2040,-8,-15280,2 
653,2160,-336,-15268,2 
654,1792,-268,-15088,2 
655,2196,-276,-15204,2 
656,2388,-268,-15280,2 
657,2280,-696,-15504,2 
658,2264,-1148,-15836,2 
659,2116,-1196,-16152,2 
660,2128,-1492,-16312,2 
661,2176,-1464,-16524,2 
662,2164,-1384,-16400,2 
663,2084,-1504,-16880,2 
664,2364,-1172,-16880,2 
665,2412,-1172,-16792,2 
666,2312,-996,-16964,2 
667,2252,-916,-16992,2 
668,2116,-728,-16912,2 
669,2188,-352,-16740,2 
670,2540,-324,-16852,2 
671,2428,-300,-16444,2 
672,2456,-800,-16272,2 
673,2312,-1036,-16216,2 
674,2204,-1240,-16176,2 
675,2360,-1284,-16544,2 
676,2552,-1180,-16548,2 
677,2416,-1092,-16496,2 
678,2268,-936,-16632,2 
679,2416,-1236,-16492,2 
680,2416,-1444,-16496,2 
681,2140,-1816,-16792,2 
682,2320,-1796,-16676,2 
683,2244,-1848,-16624,2 
684,2332,-1600,-16580,2 
685,2464,-1772,-16556,2 
686,2600,-1328,-16284,2 
687,2408,-1216,-16216,2 
688,2420,-1084,-16380,2 
689,2432,-1104,-16284,2 
690,2560,-1244,-16460,2 
691,2484,-1204,-16364,2 
692,2228,-1204,-16508,2 
693,2416,-1236,-16836,2 
694,2384,-1052,-16600,2 
695,2508,-1348,-16400,2 
696,2620,-1652,-16372,2 
697,2616,-1900,-16704,2 
698,2548,-2064,-16688,2 
699,2472,-2220,-16980,2 
700,2540,-2384,-17016,2 
701,2528,-2548,-17008,2 
702,2356,-2536,-17036,2 
703,2400,-2596,-16916,2 
704,2368,-2564,-16720,2 
705,2340,-2596,-16400,2 
706,2292,-2592,-16296,2 
707,2552,-2364,-15808,2 
708,2512,-2232,-15776,2 
709,2492,-2096,-15456,2 
710,2184,-2016,-15752,2 
711,2240,-1844,-15664,2 
712,2352,-1728,-16028,2 
713,2368,-1768,-16064,2 
714,2408,-1628,-16096,2 
715,2500,-1592,-16328,2 
716,2320,-1444,-16400,2 
717,2152,-1792,-16744,2 
718,2148,-1652,-16660,2 
719,2312,-1684,-16672,2 
720,2372,-1580,-16744,2 
721,2312,-1532,-16860,2 
722,2396,-1768,-16744,2 
723,2360,-1844,-16704,2 
724,2268,-1832,-16732,2 
725,2224,-1896,-16876,2 
726,2096,-1924,-17116,2 
727,2224,-1888,-17092,2 
728,2324,-1940,-17036,2 
729,2168,-1888,-16824,2 
730,2100,-1840,-16904,2 
731,2052,-1972,-16460,2 
732,2164,-2028,-16368,2 
733,2188,-1892,-15884,2 
734,2348,-1924,-15872,2 
735,2420,-1832,-15700,2 
736,2388,-1976,-16080,2 
737,2152,-1908,-15900,2 
738,2152,-2080,-15948,2 
739,2528,-2184,-15684,2 
740,2512,-2100,-15560,2 
741,2776,-2256,-15136,2 
742,2372,-2216,-15448,2 
743,2292,-2196,-15388,2 
744,2272,-2208,-15708,2 
745,2220,-2272,-15992,2 
746,2260,-2228,-15956,2 
747,2300,-2228,-16252,2 
748,2476,-2180,-16260,2 
749,2152,-2216,-16164,2 
750,2292,-2272,-16228,2 
751,2228,-2268,-16176,2 
752,2188,-2360,-16400,2 
753,2300,-2384,-16408,2 
754,2096,-2428,-16584,2 
755,2420,-2468,-16412,2 
756,2368,-2400,-16492,2 
757,2444,-2460,-16628,2 
758,2520,-2208,-16624,2 
759,2616,-2024,-16820,2 
760,2416,-1776,-16868,2 
761,2508,-1764,-16868,2 
762,2432,-1740,-16988,2 
763,2444,-1660,-16672,2 
764,2520,-1644,-16488,2 
765,2332,-1736,-16196,2 
766,2556,-1884,-16356,2 
767,2640,-1980,-16088,2 
768,2420,-2116,-15840,2 
769,2376,-2276,-15816,2 
770,2440,-2340,-15844,2 
771,2624,-2456,-15912,2 
772,2320,-2412,-16188,2 
773,2424,-2488,-16608,2 
774,2456,-2124,-16752,2 
775,2340,-1944,-17028,2 
776,2332,-1776,-16644,2 
777,2292,-1728,-16660,2 
778,2440,-1848,-16500,2 
779,2048,-1796,-16284,2 
780,2180,-1912,-16364,2 
781,2196,-2208,-16356,2 
782,2324,-2212,-16040,2 
783,2288,-2256,-15980,2 
784,2400,-2344,-15832,2 
785,2512,-2568,-15676,2 
786,2512,-2792,-15772,2 
787,2144,-3072,-15628,2 
788,2244,-2576,-16200,2 
789,2232,-2656,-16440,2 
790,2076,-2500,-16720,2 
791,2236,-2408,-16856,2 
792,2372,-2456,-16424,2 
793,2268,-2532,-16368,2 
794,2224,-2188,-15860,2 
795,2452,-2220,-15748,2 
796,2376,-2520,-15960,2 
797,2096,-3032,-15936,2 
798,2164,-3076,-15936,2 
799,2048,-3232,-15648,2 
800,2112,-3148,-15388,2 
801,2272,-3140,-15488,2 
802,2264,-3388,-15664,2 
803,2168,-3104,-15808,2 
804,2188,-2768,-15872,2 
805,2376,-2528,-15628,2 
806,2768,-2340,-15896,2 
807,2360,-2580,-16256,2 
808,2160,-2376,-16328,2 
809,2400,-2100,-16296,2 
810,2348,-2456,-16204,2 
811,2544,-2672,-16200,2 
812,2324,-2736,-16124,2 
813,2524,-2888,-15884,2 
814,2496,-2780,-16188,2 
815,2100,-2428,-16372,2 
816,2452,-2348,-16472,2 
817,2288,-2540,-16528,2 
818,2144,-2672,-16524,2 
819,2372,-2864,-16388,2 
820,2320,-2620,-16136,2 
821,2392,-2464,-15924,2 
822,2368,-2244,-16236,2 
823,2068,-2280,-16132,2 
824,2356,-2224,-15900,2 
825,2364,-2248,-15648,2 
826,2492,-2408,-15764,2 
827,2580,-2212,-15680,2 
828,2508,-2084,-15656,2 
829,2316,-2120,-15720,2 
830,2436,-2092,-15972,2 
831,2360,-2412,-15660,2 
832,2736,-2376,-15864,2 
833,2528,-2540,-15964,2 
834,2732,-2596,-16184,2 
835,2436,-2428,-16332,2 
836,2400,-2456,-16000,2 
837,2448,-2376,-15860,2 
838,2436,-2540,-16008,2 
839,2472,-2672,-16304,2 
840,2344,-2636,-16440,2 
841,2320,-2316,-16748,2 
842,2336,-2796,-16816,2 
843,2520,-2544,-16528,2 
844,2440,-2792,-16480,2 
845,2532,-2776,-16616,2 
846,2468,-1956,-16292,2 
847,2436,-1708,-15876,2 
848,2524,-1192,-16040,2 
849,2608,-1640,-16492,2 
850,2360,-1932,-16960,2 
851,2584,-2148,-17028,2 
852,2340,-2444,-16700,2 
853,2608,-2364,-16396,2 
854,2516,-2792,-16132,2 
855,2600,-3012,-16000,2 
856,2796,-2932,-16208,2 
857,2664,-2608,-16480,2 
858,2696,-2360,-16420,2 
859,2688,-2232,-16756,2 
860,2668,-2172,-16740,2 
861,2712,-1956,-17084,2 
862,2732,-1936,-16880,2 
863,2472,-1564,-16792,2 
864,2368,-1740,-16528,2 
865,2536,-1608,-16336,2 
866,2628,-1868,-16576,2 
867,2788,-1988,-16644,2 
868,2604,-1964,-16360,2 
869,2496,-1960,-16152,2 
870,2504,-2136,-15888,2 
871,2464,-2076,-15996,2 
872,2404,-2476,-16360,2 
873,2152,-2416,-16408,2 
874,2312,-2068,-16524,2 
875,2384,-2056,-16276,2 
876,2112,-2348,-15968,2 
877,2168,-2312,-15840,2 
878,2436,-2576,-16072,2 
879,2376,-2640,-15992,2 
880,2100,-2556,-16120,2 
881,2324,-2256,-16032,2 
882,2076,-2132,-15816,2 
883,2132,-2476,-15464,2 
884,2352,-2808,-15488,2 
885,2420,-3040,-15372,2 
886,2116,-2924,-15684,2 
887,2440,-2992,-15828,2 
888,2292,-2976,-15776,2 
889,2360,-2920,-15820,2 
890,2340,-2932,-15668,2 
891,2548,-3000,-15688,2 
892,2540,-2724,-15608,2 
893,2376,-2564,-15776,2 
894,2420,-2660,-15680,2 
895,2068,-2680,-16104,2 
896,2352,-2760,-15932,2 
897,2556,-3020,-16292,2 
898,2420,-2988,-16372,2 
899,2376,-3020,-16272,2 
900,2320,-3080,-16264,2 
901,2440,-3208,-16464,2 
902,2552,-3156,-16288,2 
903,2532,-3008,-16244,2 
904,2772,-2816,-16128,2 
905,2476,-2760,-15912,2 
906,2548,-2708,-16380,2 
907,2500,-2808,-16252,2 
908,2632,-2576,-16312,2 
909,2528,-2404,-16288,2 
910,2348,-2104,-16384,2 
911,2532,-1976,-16152,2 
912,2504,-1820,-16580,2 
913,2428,-1716,-16608,2 
914,2424,-1760,-16252,2 
915,2380,-1456,-16272,2 
916,2416,-1420,-15856,2 
917,2508,-1704,-16340,2 
918,2492,-1748,-16084,2 
919,2460,-1892,-16180,2 
920,2508,-1880,-16364,2 
921,2516,-1884,-16488,2 
922,2184,-1984,-16596,2 
923,2484,-2128,-16236,2 
924,2380,-2380,-16040,2 
925,2364,-2664,-16052,2 
926,2320,-2396,-15892,2 
927,2280,-2500,-16136,2 
928,2388,-2444,-16288,2 
929,2564,-2476,-16284,2 
930,2540,-2480,-16344,2 
931,2336,-2528,-16152,2 
932,2528,-2152,-16212,2 
933,2796,-1972,-16448,2 
934,2700,-1828,-16472,2 
935,2668,-2048,-16856,2 
936,2788,-2000,-17000,2 
937,2716,-1884,-16692,2 
938,2548,-1984,-16604,2 
939,2388,-1856,-16280,2 
940,2552,-1864,-15956,2 
941,2600,-1832,-15884,2 
942,2464,-2004,-15852,2 
943,2436,-1776,-15964,2 
944,2488,-1736,-15980,2 
945,2316,-1972,-16108,2 
946,2376,-2232,-16284,2 
947,2384,-2400,-15920,2 
948,2448,-2652,-16124,2 
949,2320,-2772,-15860,2 
950,2340,-2576,-15764,2 
951,2316,-2856,-15780,2 
952,2392,-2716,-15408,2 
953,2312,-2584,-15384,2 
954,2212,-2356,-15684,2 
955,2060,-2268,-15932,2 
956,2280,-2300,-15948,2 
957,2116,-2332,-15748,2 
958,2052,-2376,-15748,2 
959,2452,-2464,-15924,2 
960,2716,-2648,-16004,2 
961,2316,-2728,-16196,2 
962,2380,-2732,-16340,2 
963,2460,-2764,-16160,2 
964,2592,-2828,-16324,2 
965,2576,-2808,-16436,2 
966,2340,-2808,-16700,2 
967,2472,-2584,-16836,2 
968,2464,-2392,-16812,2 
969,2448,-2288,-16288,2 
970,2416,-2320,-16560,2 
971,2284,-2052,-16580,2 
972,2376,-2108,-16492,2 
973,2316,-1804,-16768,2 
974,2640,-2284,-16512,2 
975,2372,-2012,-16472,2 
976,2448,-1900,-16300,2 
977,2672,-1496,-16336,2 
978,2592,-1492,-16264,2 
979,2336,-1556,-16548,2 
980,2700,-1980,-16496,2 
981,2520,-2012,-16468,2 
982,2412,-2036,-16248,2 
983,2320,-1800,-16324,2 
984,2480,-1708,-16412,2 
985,2336,-1668,-16144,2 
986,2420,-1788,-16384,2 
987,2368,-1804,-16104,2 
988,2380,-1804,-15844,2 
989,2352,-1844,-15756,2 
990,2100,-1976,-15596,2 
991,2236,-1988,-15688,2 
992,2232,-2192,-15432,2 
993,2392,-2132,-15628,2 
994,2028,-2120,-15704,2 
995,2164,-2172,-15856,2 
996,2132,-2356,-15728,2 
997,2244,-2544,-15816,2 
998,2260,-2412,-15932,2 
999,2352,-2124,-16108,2 
